-- phpMyAdmin SQL Dump
-- version 5.0.4
-- https://www.phpmyadmin.net/
--
-- Host: 127.0.0.1
-- Generation Time: Sep 04, 2021 at 08:25 PM
-- Server version: 10.4.17-MariaDB
-- PHP Version: 8.0.1

SET SQL_MODE = "NO_AUTO_VALUE_ON_ZERO";
START TRANSACTION;
SET time_zone = "+00:00";


/*!40101 SET @OLD_CHARACTER_SET_CLIENT=@@CHARACTER_SET_CLIENT */;
/*!40101 SET @OLD_CHARACTER_SET_RESULTS=@@CHARACTER_SET_RESULTS */;
/*!40101 SET @OLD_COLLATION_CONNECTION=@@COLLATION_CONNECTION */;
/*!40101 SET NAMES utf8mb4 */;

--
-- Database: `condominiumdb`
--
CREATE DATABASE IF NOT EXISTS `condominiumdb` DEFAULT CHARACTER SET latin1 COLLATE latin1_swedish_ci;
USE `condominiumdb`;
--
-- Database: `condominium_db`
--
CREATE DATABASE IF NOT EXISTS `condominium_db` DEFAULT CHARACTER SET latin1 COLLATE latin1_swedish_ci;
USE `condominium_db`;

-- --------------------------------------------------------

--
-- Table structure for table `apartment`
--

CREATE TABLE `apartment` (
  `apt_id` int(11) NOT NULL,
  `apt_owner` int(11) NOT NULL,
  `apt_resident` int(11) NOT NULL,
  `apt_heating` decimal(6,2) NOT NULL,
  `apt_water` decimal(6,2) NOT NULL,
  `apt_maintenance` decimal(6,2) NOT NULL
) ENGINE=InnoDB DEFAULT CHARSET=latin1;

-- --------------------------------------------------------

--
-- Table structure for table `condominiums`
--

CREATE TABLE `condominiums` (
  `condominium_id` int(11) NOT NULL,
  `condominium_address` varchar(30) NOT NULL
) ENGINE=InnoDB DEFAULT CHARSET=latin1;

--
-- Dumping data for table `condominiums`
--

INSERT INTO `condominiums` (`condominium_id`, `condominium_address`) VALUES
(12345, 'Via del corso 21'),
(67890, 'Via Brombeis 4');

-- --------------------------------------------------------

--
-- Table structure for table `label`
--

CREATE TABLE `label` (
  `lbl_id` int(11) NOT NULL,
  `lbl_name` varchar(30) NOT NULL
) ENGINE=InnoDB DEFAULT CHARSET=latin1;

--
-- Dumping data for table `label`
--

INSERT INTO `label` (`lbl_id`, `lbl_name`) VALUES
(0, 'ALERT');

-- --------------------------------------------------------

--
-- Table structure for table `permission`
--

CREATE TABLE `permission` (
  `perm_id` int(11) NOT NULL,
  `perm_desc` varchar(50) NOT NULL
) ENGINE=InnoDB DEFAULT CHARSET=latin1;

--
-- Dumping data for table `permission`
--

INSERT INTO `permission` (`perm_id`, `perm_desc`) VALUES
(1, 'Add Post'),
(2, 'Remove Post'),
(3, 'Organize Meeting'),
(4, 'Request Meeting'),
(5, 'Check Apartment Info');

-- --------------------------------------------------------

--
-- Table structure for table `posts`
--

CREATE TABLE `posts` (
  `post_id` int(11) NOT NULL,
  `post_usr` int(11) NOT NULL,
  `post_cc` int(11) NOT NULL,
  `post_txt` tinytext NOT NULL,
  `post_img` longblob NOT NULL,
  `post_lbl` int(11) NOT NULL
) ENGINE=InnoDB DEFAULT CHARSET=latin1;

--
-- Dumping data for table `posts`
--

INSERT INTO `posts` (`post_id`, `post_usr`, `post_cc`, `post_txt`, `post_img`, `post_lbl`) VALUES
(1, 1, 67890, 'Ascensore fuori servizio, in giornata arriverà la manutenzione...', 0xffd8ffe000104a46494600010100000100010000ffdb00430006040506050406060506070706080a100a0a09090a140e0f0c1017141818171416161a1d251f1a1b231c1616202c20232627292a29191f2d302d283025282928ffdb0043010707070a080a130a0a13281a161a2828282828282828282828282828282828282828282828282828282828282828282828282828282828282828282828282828ffc0001108011800ad03012200021101031101ffc4001c0000000701010000000000000000000000000203040506070108ffc4004d10000103030203040507060b07050100000100021103042105310612411351617107228191a1143233b1c1d1f01523245292e1163542536263738393b2b3253443a2a3c2f11744547282d3ffc400190100020301000000000000000000000000000102040503ffc4002c11000202010302050304030000000000000001021103041221225105133132411433f0152361914281a1ffda000c03010002110311003f00c01a2623be0ab1e9561f27a61f500ed9e04e279477269a0d8f68e370f1eab490dc6e7bfd9f5ab006f455b364e691670e3ff26241b9c2306e4c84a06931ba5033f05706cb09087295d0cc25c33af721cbd620a563484833647e4c251ad1f6238a7b48ca4d8d21b96474cf92e068d9392c1127a7bd70d3c488db184ac286fca3712bbca2308dd99d80ca30a473231d13b0a117336202216f8275c860f822161080684797bc2272f54e4b7b8229684050d5f4daf6b9ae0087620e71dcab5a8d99b4ae009349df349fa8f8ab71664c0485ddab6e6ddd49d1e0e8d8c6e174c7936b3964c7b914d89eefc77a291ddd7ea4b3e9ba9d4753788707107c0fdc938c9055d4fb146a82c743b2e234463a20442605ded280a14594d830d103ef4ab810446c9c86002044a31a61c02cd6fe59a497c08b0731020c8cf82579230528d64663a2e96990001bee936492120cda7c8a0e66d94a1904cec0672bbca48c243a116372078e528066223bd28d67c46c81039bc36f349b048272e0840b4f5184a01d4465033d623c903a122d193d5013d364a903ac21cb9c4c1405089051481ec8ea97e5dcf7044201d8a2c2840b73287284a3c1dfdab904884ec5410b318dd10b3c32940d3bf94aef7828b13456b892d436a53b96810e86bfcc6c541918246d9578d42dbe5367569465cd91e04642a4bb070480330aee096e8d14b3c76cac2c127ea4047f2818e8bbca0120124663cd71d8f9bb12bb1c0d158d3d4cf77e3bd281bdc0cf55d73409c0e88cc1d49eb1f1598d9aa90394f492078a30619d82501924478fb519d82075487422ea5cc33df949b9bc8e00039f8a7800391b8ca4aa80608071f7a563a0a4091bcfd4885b076393dff14b4400444ec92a93da002331f14000803037985df0561fe06ea3cf06e6da0edf3bee51171696b6f5aa51afaa506d561e5737b379c84e9b158d1d1d465011302654de9dc32fd46d85c5a6a141f48ba24d370c8eef7a6fac68d5348a9469d5aacaaea8d2e96b6220c464fc526eb81d7164591b229189212cd90248fc7723f209db3194ac06d138f04394771999d92dc91945e53903aa7614225a20a4f977f76fba745bde937b318984262684a303226552354a6ea3a85c3200e5748f22af21b30441ebb2aa713532dd4c1007af4c1da66242b1a77d5456d4ab8d90c418044657018ddb28e04c0fc1fde8ae24c19242ba5234fe42e760636d900d01d30652cd680e3399dbddf5230a6010e91dff00f9859566b24201ec811befe48df39d2467a251f4bab40cf775472d1cb0679875ef4ac69088904104c6fb4a316839385d69efdba7823118dfa22c626e60063dc927b22a0323067dc53ae505a641c78ca29a70644a5614680ce21d220735d8c19f9af3bfb151356d36caf752b9b96ead418daaf73837b2a8624f5c26e1ae9746db2e16bbe3dca4a6d09c4b470e6a3a6e91a48b4ab79db3c3dce0e6527e41f31ba61c4da85b6a37141f6a5cf0d610ee6696e491dfe014206993b89cec946b5dbce3c4c28b7f235d82869ea708c5b847e5c03087488384ac6265bb422f2ee06e8ee3b83222365c00ce62764c426e1b0272111cc04184b3864c8c0457ed227284c1a1b8619f3555e2ae5fca148199ecfed2ae1cb27aaa9f16b6350a2677a5f515df03eb2bea57410190483de171cd930361b233b00113327afe3c106bb9705b38ee57ccf3542d32410648fa90e507ae6063c92ef05c7122170536c3834127f95e2b26cd808d079811076404fae41c031b270d1004f9279a550a6fd56ca9bd8d75335d9ced73641f586236f045dba190ad22492e6c0df230940583fe237da4095a6f1f6b9c31c2dacdb50d4f85686a156e68f3d3753b7a439035e44191e32a3f44e25e1dd5abb996bc1342901bbaa50a51f06aebe57f271592fe0a117b27e969e3fa4115d716edc3ae2889efa816c82ae934fe6f0d69a3fb86ff00fcd2acd4ac580767c3d611e16e3eca68f29771f98fb18a36eacda48375424ff58d5d75cdb74b9a1b7ebb56dc35960fa2e1fb5f08b68ffb12177c4d756d52d1ace1cb622e2bb6803d9c7292d2676cfcdf04794bb8f7cbb18b1b9b6ffe451c7f4c21f29b69cd7a7eff00b96ee358d61cd9a3a0dbfeca4dfac6be26345a420746fef4794bb8b7cbb18836e281c0aad3281a8c39049f2695b3bf5bd7e48fc96d6ff744ff00dc88dd6f8849f574d6e3fabfbde97971ee3df2ec633c85d114eb3bca938fd897ab697141b49f736b5e8b2ae18eab48b03a33009dcc67c96c371aff0015d3a550d0b0a01cd6920399827f6d57fd2bbaa56d0f40ab5e03ea5cf3386c039d45c48cfb50e0aac149df2670ee5271de8ae68804ae8634b8c0c4aef20f1f795c8e826d19f2c2a9719b47cbad809fa28ff98ab8f209c7d6aabc64dfd2ad4918ecc8f719fb576d3beb386a17ed959e5f54ced31bf72e1107063c1298ece71eeda728a4180b44cd35ee51cd33e5e48aedc903c0e118b64f3371118c23536ce73227a7d9d5641b21037e693d7f19527a3e756b33224556fb7d6098b9d1eac1ce4277a5c0d46d64891519f0704af91978f48d646e38db4202473507b4e3fa6adfa6e8e29001b04103ea4cb8b2887713e9351c07aac7c787adfbd5aac5ed73811dc159c752c922b64938c234254b4e6b5a21a11c598ead12a4b11841a1bd620ab3b515b7b180b510600515aedab7b5d249031a8523ff002bfef5652d6f76ca1b885bcbf92c88fe31a1f68fb541a44d498e9b40b76185dec491b04fb94205bd13a16e646bedb396844f928ce00528588bc8145a44949918fb6e66440859bfa63a3d9685a2488e5bd0d3fe0bfee5ae1600d3e4b34f4dd4c7f07b4731b6a0df8d2a8a2d74b250937231e634cb8f55ce5da12db02077a296faa001b9eed952b2e09449f10aadc6800ab685c705ae1f119856d004e07bd5578ddb0fb29132d74ef3182bb69dfee2386a3edb2af040c986e67c3c508318c67c118bb790771ee429bcd3c403803afdeb48cb35fe400481f67fe5198dc496a5792184c63ef5c25adc0993ecfc6eb1db36d2136b04480641fc14ead045d51cc90f69f884dc6f064c7d49cd8860bda4eaa1dc9cc0903a7bf0926368d778c4b69eafa6b9c6259500f782a6f4a74968c65ab13e2ea3c61a2ea02ad6fcf389a95698690e1540c9219dfb4c6d2ad1a4fa403a7d0b13acd06b2a56a6d738d204f665d300f8e0fb8a21ab863cafcce2caf28b94125f06b60611faf9286d0b88f4dd62d9b56c6ea9566edea38188e846e0a99696b84b482b52325357165369af500f1511c491d969c7bb51b6ff003c29a8c6ca178987e8d62474d42d7fd56849a05c930801bc74472d45e908a04c29dbc516728c768ef4408690d30c76f62ce3d36b47f05b497776a34fe34ea2d1e3a42cfbd3688e12d327a6a34bfc95028cd74b2507d48c62a7aa082325c8a4cb411328b5c926064cc6ebb4e7927bfe0b38d0083073b4aad71b30b9d6444ff286f1dcac2e712f8c60fd4a078d41ececce0897923bf6fbd77c1f711c351f6d954764c118209c1ee1f828aee510ec41f04713ca0e63cbd88c5a49c103cd691966c55090248ccf7cfe3f7a01a499911fb92958360403b13e68905a4104ac73710037788fbd28c009876dbf9a4a99399cf44b7fc326077a8a066a1e94ad28dd57e1ba95dad7963aa72c8d896b723dc8fa8701687afb69babd0346e037d5ab48c11d7dddfde99fa5bbc16d67c2f50f37e72b16c8e934c1fb15ab87ae05465020e0b655cf2619324b7a2939358d519a3fd18eaba1ebb4afadae4dc58b092fec016d538100f78044fbfcd36d33d256a7a55d54a3a85a54af4e9c1731c0d3aac6ee70edc0da7ac15bcf360288d7387f4bd6e8ba9ea3674aace39e21c3da32aacfc3e7096fc3208e7b55244570df1c693ae52fd1ab80f69e57d3a8391cd3dc67c8a79c4f714dda7dab9ae122fad4ff00d662ae53e00a5a451acdd1c0a94aa3cd4731eef5e4f71ea31d554b8c6feef44a142939b5853ed5955cca80812ca8d204e40ce64e2046e5545e27a8c397cad46375f0ff00383aac109c77419b9183b221de21661a0fa4ca7724b2eedabdbbc6e5e3d422270ed94dbb8fac1d6552e6ce9baec31eda67b2700399c40024e3aeeb4bf51d3a8ee72383d3ccb91007548d4a94e9b4baabdac6f52e311ed58d6a3e93f5ad4c3c68742de95323d52c69ad526260f41d075dd1350b2d63892cec09a8fa577d986dc0a8e73807039200c19ce3dcaa65f154a4a38e36ff003e0e90d33f593348bce37d02d6ea95ab6fe957b9aae0c653a2ee692491bedbf8aaafa48d41dace814e8fc9c72d2aecaac6f37ac5d0e027c3298e9de8d83453ab7154babb21cd11c8c0f030e81999f8612fe90f4f6da7a37d36a5c5363afaadcd06d6aac244b8f34c784f4d9709c75fa9769ed8fe7fb3a4562c6d7cb323a6c735935010f926088838f84cc1cc8ca35296b20e507517b43435df37d806fb293e1dd2ceb1ac5ae9ceb8344d6241aa1a1d1009db13b46fd5598269533bbee44bb2e90320a82e323cd6f644ee1cf07dc16d7ffa5b4798f36af5600064501eedfc9643e916cdba7dd7c98553505bdd3e935e5b1cc075206de4ace2553456ccef1b292d1d779c8e931dde0884071c988e812d02320c1db2b800049da56899a6c590ce604903ef41fbb47778aeba1addccefdf8ef5c227307c1639b425427988927199f34e2443801b6dee4d492d27a129eda517dcb8369b65c4127c001324a4365d3d343b9b86b852a0701cb70d267c697452fc17a91aaeb6616ba39773e4a99e98759b4bcd0f44d36caee93afadaab2a55a5973a9b053ccf2f59515c2fc43702c2b5d595478ad6c5ad02a5225a41397003e7019da765d336b6181eef52b431ee5b4f43f6bea82a2b53e23d334c00deded0a44ecd2f0498ee0161173aa716710309b9d42eed98ec762d70a40483b06cb8e48dfba0a986f0f9d4ac2c6def7e5156a506063eb737276a0191be47d7bae393c43349a58617f9fd0a3815725bef3d2ce94dbaa16f694aab855a8da5dad46f2b5849c48de3af4fb96d535aede9917d55a68c8058e6b5adee833ee8f628bd2b8774eb42c73a8d063dade50e6b65fed71c9dbc3297e22a162dd1ab9a345aea81f44f33b2715987ec54f53a2d56b294e7b627683863f44545bc27aaea976ef9439f56d461ad6b4bddf360b817406ce4c745cd4f86f5bd128de53b4b1ed2dae81356b3c8ac5e41c73330272761f1cad96a5f31ae78000125226f18ec123deac3f09838d6e77ff3fa21e7bbe118d7096b551ecbc3736c28b2d5ad73c903b301c3668899f7ed1e7a1e85c516d54345314cb7696c08f31bce22306538d5b4eb2d4295665461a66a112ea4e2c248c8323cbcd675aaf00d4b3e57e8f72454613cae738b5cd041c730c9cc1f185c618f53a46f8e9fe3f2c9b9472706d56d7d46b8043c792a7fa5a686fa3ed3d82a3aa065f5b8e73b9f59c2718507a4d3bfa5a45bd2bcbba8ebbecff3b5699121c7781b18d9138d350a4fe06b2d15b5cd7bdb6af6e5c763503497181d5d06637c8f05df4de318751bb1be1a39cf4ee2d3467e6240d8297e03786f1869c671ceeff2150ef7b1e5aea6e6b9a46083d13fe0f772f1469c4118a87ea2bac4b12f436f75cfce907380bcdde9607fb62e8c4b8ded4217a098e01a323c179fbd2d47e57ba139178ff88956b1aeb455c9f6d99f119da4cc9f7a1cdcad1277f146c0233e0b8077cc2be671b17ce7980600c63aa54c10074988d926c32e320c6e72873875472c766d2095599f384e2cf9a987766e734b86609cf9f7f44893b449cc84ab1e490dc48c20037a4ad2e8da699a76af68f7b2e1ce6b1c79ce0be5ee81d323de49de662f43ad717fab5176a156adc389ff0088e9c784e029df499541e0ab29fe4d7a47cbd57050dc2f5698bea3cc4412ad430c12b48ace4f71a7da53632834329b40006c0251982707dcbb6f5691a621cdee4a7694ff00587bd77515416c48b9c09307dde2a335fa8e66957048c34b0fb9ed52d56a33239809f8285e25a8c3a2ddc7ea0271dce0652690265a6e2a3bb5792772523da86c927204c4a697178d351c729abae9b273d100499ad2244e511f524e53065d36067a239b86e3212b01d56a74dcce62d13deaa5c6da2e94db1b7d5eb8ba35fb5a74cb69bf079e1b3ca71d1bec10ad2eb86f644122156b8eab07709d083ffbab7f67ae156cba6c593a9ae7bfc92527e867b6966fb2a756811345af2ea4eea5a64e631327c94b70a3a389b4e2444d4fb0a4ee44b095de1d70fe12d8e47ab542e103bbf4a35da6e3dac98e538ebff88583fa5907f2ede6d1f2b711e7cab65fca1c9a936d1d4df259da0a91eac772c6fd2a90ed4ae9dd4dd1ebd0b559c5ef457ccba194291ca499ee5c980369eb0574e5c1c200008303f1deb8e0efe4913395a0669b0b77746fe688e772d392327747e63063afd891b9279400444e67ed58f46c872f6964a52811d273e3f1f34d013c99100c8f34e2db70e64cc49fc77a286989fa47ae5dc2a1b27d4a9488f8fdeab9a15c16d5a267bbec525c7d509d02ab48387523f57deabfa3bb34885a18d7494e6fa8d46d2f9d1f38e63aa714ef9d31cdf155db5a86204ce3ea4e58e773f5df2a54e8764ebaf496997189517af5d17699741ce30599ee304229a8794f7f9a61ad543f93ae4ff40f5f251698ecb755af2fc993e69bd4ad00c26afa9991b652352a78a543b1eb6e21a2095cf9519f9c5469ab844755f14340993552e8f624737c541f165c4f0fdbb0931dbd03bff59fbd2aeadf9b8e651dc44e0740a63a8ad6e3fea0516b81df236aa4767323694df457f26bb6847f3a0cfb764b562395d31df84cad5cda3a9dbd7a8e0d6b1e09f61dcaa51f53bc99a0d4ad51d7ecb835dfd9b585bd94faae3de7c7e2b2ff0049a79ee2bbba8b89df690adb535ab77b8b4551cbde01dd5238e2a36bd27d46b8b98eae083113eaf8edb2b18fdc8e39bd8ca7c7a99200e993b0fc7c17417c7aa570e5b27d82760b8d772f5895a0661adf3127c63de895648981319f341b12609f1f042acf2800e4ac8a360eb1b2c00ef20f5c2734bd5618206323c5234f604e5280fa84c1cc8210320f8d6a73e8376081eaf28f738050da039a695098d874529c6c40d16eda2734da7e2157b879ff0098a44742b4b12e9450c8facd1ed6a37906df80947d6687608ef5156f50f2c233ea1e6993b2e941648d4b86c6fd547eaf5da74bba0099ec9c7e0522faa600ca67a9bcfe4eb9fec5df528ede02cb5beb82249ce0fc124facdfd6e8a3fb53c8d3de07d891a950e7252a2563e7d6138329075c09dd3275548bea19dd2da1b89575c02d09beb756744a633f4d44ff00d4099f6a797743547f3690c04e3b5a3fea05192e9249db1d38c9c46532ae25d39f14e5c79663bb093239809ea1672e0b6330378dc9951bc523974b64c4f6ade9e7fb94d35a01c0eaa238bff8a9981f4adfa8aeb89dcd1cb32e86535d2e77ac773270b8d740d809e8b867389276c6d94591dc0f902b4cca35e0040db28b53040118440ff549906115cf71971393d5651b03b6441036f35d63bd620c7826949e79608dbbbbf1884a31d0e7670339eff34a86990bc6c41d32f0775007dc556b876a7e629e7aab371636d9da4ea352b1adf29f9386d201c0337325c3727613200f1550e1c70ec1b3332b4f0fb11432fbcbe5bd5c093d128ea939ca656cf6868f6250b84fc14c8a628f7e426da8381d3ee67f9a77f94ae3b71133ba6f7c7f43ae093f46eff2a18c996d4fcd30ceed1f504954a89163a6853ce7941f824aab9244ac51d501f3493aa6e9073f27270907d43de8158f454c23ea4fff0064b075ed697fa8147b6a62138bfa80e96c1fd653ff00502e735d2c945f24a55c98f7a21911e4ba4c9f0e8922e00e08f6159945e14ea2141f18ff0015b049fa56fd454c31e27cb054371738fe4a693fceb7ea2ba615d68e79bd8ca73a2093e4211409f08f35c31324e73ecf2452e2dc024fb4ad4324d55a218e04c190b80ccf5ce25118e3924c9f25d0e1ddbacca35859939c88094641920e6520d76e083d3a25299339d8a8b44887e3033635c77dbbbed2a9bc38ff00ccfb55bf8b5dcd6f50620d17c7b8aa2e8358b294085a587d88a199f597fb670e513f8c23beab4120b84a8aa172e200252c6b31ad2434731ea72a6c498b56ba0d7013949dd5706d6b0ea58efa8a428d5a02af3d5a4d79181cc0efe48b7770c34ea10c69f54818da41ca02c76dbc0da14848fa36fd4177b72e009dbbd25a754a2da149f528d37bfb3680e736630364ad7ab4dd90009c9e8a28626fa8329bbea6516ad51d21367541de801d36aa7574f9d2dbfda53ff5028a153c93cb9a93a75300ef529ff9c28cbd1928be4b0178982907c4941eff00ce440ef2515ee891230b368bd61e6331e1ba8ae2e1fec9cf4aadebe6a403f626145f163b9b4ac7f3ad9c2e98975a39e57d0ca739c2046fbedbae3a6702728d898c4ed08af2040cad232cd1995b95a60f53d3dabbdb993025d1e2b3476b9a9ce2f6a8333fc9fb9706bbaa4ffbf56c88e990ab7d332e7d423516d4ef9111bcfc12b4ae0389008c0caca5dad6a2edefabcf9a27e5ad4a4137d5f1b660a3e9641f5512fbc4d54546c34e0d270fad52345134f2f6372372a434bbcab774ebbefabbeb1071cce8dda718e9b2add95c359124f45631c76aa670c92dcecbd5b960666b33d9252e7b23bdc3478169558a174d2041329c7ca2739f7a6c13270b69ce2e19ed949d66b791df9e61f54f550bf2813977c574d70411cc368dfc1016582d336940b6a36791bd6230172ab883eb546cff00f651d49dd9e9f6d52a39a03a9b4b7232221367ddb3f59a7da145126c907b9939aadf8a4c9a73f483dc5463ae19197b73e21266e998878f7852159320d38cd51ee253cae5834d63c3f1cecf60ed02ae36e299c3aa340f170529aa9b77f09556b6ab5d539401cbd4f38ebb46fed506af8249961a97b6cd783dbd1009df9c26e751b48117347f6c0fad664395a48308a40e8b97d2aee4bea5f634c1aada093f29a5ca3fa41467116a56d7160da74ab522ee70e80e07006ff10a8b25a41698236f0442f3993beea71d3a8bb232cee4a89a35e9ce1e24ed95c757a4d8e6273b42840ecfb574b9a7a2ef457e070eab8f9bf0442ec8807dcac4e668c30dbcb3ff0019bf7a4df4f499c5ed91fef9bf7aeae288d9066ae400dc0447bcbb61f0534e1a6838bbb223fb66fde952fd281c5cd946df48d296d18df42a8fa342b0a945cee7702c3e40e73ec51d4f49a93ebf2efd0ca9ea775a7b71f2eb4118fa56c7d68cdbbd3e44ea169fe2051da4ac8ca7a7b9b8c776e4a70db1c025adf0dd3ca77ba716c9beb504e7e95bf7a545ee9b1fc6169fe2b7ef49c4698c7e44d9873448dd7458b725ac120f7a7cdbfd336f97da79f6ad5c7ea1a5c9fd32dbc22ab7ef4b68c626cc119048f19ca336d1b18d8efd139fca1a6913f2db707c6a37ef5c3a8e9c08fd36d889fe71a8710b1b7c8a9c98689f1ccae7c8d9faa3296f97e9c1e3f4bb58fed1bf7a31d4b4d9ff007bb7f6546a8d0d50836dd8d32ea60f5d976f6b8669cfa0da22220381db33b6de0943a969fca47caedc9fed1bf7a4df7d63d9ff00bddb1fef5b3f5a280adc3c1cb5c4ae8e7ee74f92987ea163d2e69fed0493afec8ed70c3ffe829590a22c877eaba7c910b1ff00aaef729375fda440accfda09175e5b138ab4f3fd20980cbb3a9fa8e9f25cecea7ea14f7e576fd2ad2fdb09375dd09fa4a7fb61005690410408082082000820820008208200082082000820820008208200082082000820820008208200082082000820820008208200082082000820820008208200082082000820820008208200082082000820820008208200ffd9, 0),
(2, 6, 67890, 'Pulizia scale prevista in giornata ', 0xffd8ffe000104a46494600010101006000600000fffe003250726f6365737365642042792065426179207769746820496d6167654d616769636b2c207a312e312e302e207c7c4232ffdb0043000b08080a08070b0a090a0d0c0b0d111c12110f0f1122191a141c29242b2a282427272d3240372d303d302727384c393d43454849482b364f554e465440474845ffdb0043010c0d0d110f1121121221452e272e4545454545454545454545454545454545454545454545454545454545454545454545454545454545454545454545454545ffc200110800e100a303012200021101031101ffc4001a000100020301000000000000000000000000040502030601ffc400190101000301010000000000000000000000000102030405ffda000c03010002100310000001eb8000003cc696b379ef3b3626d547624b17a8000000003c57c2bb3c35f97db856daedebc75cb8b71313074e20000000008d27c38fc6768c74bdadb0cef102e2be45ab344c0864c409e0000000f0ab85715309d1fcd717d973067cd3df30ae859721bed2266caf3dbc000007918d955a664d616ab3876893aa2e98b6db5c60444ea0ced78778f3f5ceb5258eba800018f3d63be26a7621ed94bdd86eaceb8b2ebc9159e6eaeb9ded5cdf16d9d8c19febe616000015bbf5655b67cf5d56cc4f1ae7e73d2f7e7aeadb610e69b3ccfdc2f26c71cb5a8480000c798ea6b7341d17113cfbedabf377ab5c25edd3349106756cc7bba83766eabce52ceee93653dc56c0900079ee253cca7b8f076aadb9c5f5b1dfa3549eca6caab1a7ceb963b3ce5c7d8f2355add9eff3de8e90003c0abc60c5a3c8e8e8691bf3f63ef9c1b4c713773bd17399d33d3ee1cf4f2645f74d3baf6b2c35d73783d3121f2d374a30ecb93eb073fd0504c4b8d262de25e8911aadfcd74bc956f9ea8db71ebd9af666dbcb3acb489eb5e36f372adb1a298812356998d9d5d0df25ccf4dce4c5842f70d2921a1599bcb5dd5d3a3465ab6f17b63c8dbde839dee36f3363d6fe645e7b6c798c31919cbde97949b1373cdd9526769ba34e50b2d313c4cbdf5ac6f942ca76e82ea19f7d2f5b165ebe785b389eca1538db914b2ac046a0ea09e437f5034b788f96e1e3d0000000000000000000001fffc4002b1000020201030302060203000000000000020301040011121310143021330515202232343141244050ffda0008010100010502ff007666060ad31d90d657c6de009ee2c621d0f0f3b8fba66116fc0b00a85b05a34ff63cd7592bae230033a9c80438efa9b645e8842eb27815e672a1ca3b1b314e8b0d001580adaaa7c731f0d02de1e721df2aa9316e191ca45b2151a054fd4eafb1080ad625e3e234304d165a4d9817019b558de49088d23a114088b0ad3509142fc47612182ee6b85bebe7cc6bc624264b08a004ac30c6049f5e86ce2f0b182b09237e71c578db18976ec7c8b195d7215eb59e5cb5eac6b8ec3a57c7947dbf039e281099733a086f4ca9ec84831a9ce399558b536a22b08a3ed4657570a3eb99d2277b59f6b4167338c64c480ec02892c59ed0363041ac961a13a58cac1133e0b7f70e3d7b3259c86a5c28708a4700771be40a571082aa5229e75653d251e0b3e87d2a840cf4d6230d933080900840cbfb790c92b111475ed3c17024ea897204b80643f1e969dbb2a2a043190cee3bb00c9dd6b23d23c3c20b280c57a372c58d3135c9509f6f1eeedcfe6938af894117769cef53825063f5da198c89898704ee75b8db5ebf166e81c47b5972748888d1891af80c18c56548d1be0ab1a57c784259c879bce712c3e2926e8f66f2db1382021d191b456b150782b3b4663ce246298c61ad627daab41a888c18dbd3fbcfc8bc16edc221751850cb2c26000ae35d238f06770e7f0ccdfacc9c8e2475b5f5dab829ca952593963f771ffaee8d149f6727df3f58e608ce51ca6d153c6f572c82828eaf7f1e3d84c340adaee8e9ff00332c7eb5bf6d5ed611ed71335c08d7097182a8ce3cf868e973a6ba619c961af726748b5d2c7eee59fd5b9ed2bdac72f73f8a32036e7aebfc66e9cf87eeeefa5e3d9508708e21bb75eb61a3dee5bf4a971a32957b7933abbfbfa3e1a1a2ba5f2dccfe48bee527efb9d34832d992030339c43192b0d1d32c794c8fd13ae2c214bc73c123ac95bac7075c40827966bbc67586b214a951196d3c34990da21766d666c999c99de531b0fa525f25ae8d0dadfc6200064608b226310c251fc4a4a11e879c619f86411769dcce77339dce416915eb4bddf2faf9f2faf8aaeb44743aca64ad00b18a0bd7e5e3c9f2f8928a6312f4c394749c39c0e8c0a4e295ac5612959670ae738c27fe97ffc40026110001030303040203000000000000000001000211031012202131041322304151144061ffda0008010301013f01d0013c22d20c145a473e96b7009eedf64fa9908f4e6e363e907d536930a506c0dd3b4812b12d3178c0649bfdd4d4eb0188c8a993275845bb2023c9c899dcda565a9a9fcd8ec14a673a40f929cf3629dc2010619e351b154e9f70c2a34fb6e9844d3cb85d40a7dbf1d2e301649c775d2d4c6a02a9bdaee2dd73f86d8dc42f1fa431f940b470a9542c7e4bf3c7d2ab53b8ecbf63ffc4002711000202010402010305000000000000000102001103101221310420301322324041425161ffda0008010201013f01f42c179315d58588aeadd7c3918e56ff00263c636d198f0ec6b1f0fd241a0f91982f715c135ec041c4a172a6674460c678c7759f5ba9b830bd7f2353cbdcf9381c45143d4c5d0f3c4ae21c6add8f6704af13c7f269f6b4bbe04aa860b22e28bf6f250ae433c32c71fdfa643425c4efd8e256604e8265ea0100e7d97bd0753275cc3d509cd44bbe7d0c51666c3156c4cabf6c234c43f7d06a413d421ffb8dbff8c28ec799b78a9f4a28a15fa8ffc4003e100002000402050708090501000000000001020003112112311032415161132230718191b12333425272a1c1d104204053628292b2e114436373a250ffda0008010100063f02fb6924d008f23cc4f5c8b9ea1188bb4c4f4834054f28e720b1fdaeabf8c569422c5777d808feca9fd67e5a0853451acf15e45c2e40c550d627fe5e9ce1d6638476c055c84605b0f48c601e6a5eb713ba16520b56a58c2cc9239d2e80fe211849ab1bb1de7a7643b76ee8c134e099e97081225565ad33db011051446098d8b3a91ba0a62c4793cc6d856de2bf60993caa9388af396bc008973e5a605be25aea9832f6d2bd715a31f64561f10c2a49217708935f507d4a9b9392ef86c4b8594dfa3669380863528fbf7889d2a6a52620a85100eccd48815796d5c8b023c239362b8a6f3461d9be2834924d845479d6d87d011857b4efe8e8f3501e2d129f0e14c2c15b6b45510bca3e88cd635cd77618e5660a31b2afaa3416634036c1329405a6b4cf940698271c42b55995f7410b4a8342c3d2e88b39a01156c492f620ccf5c565a8c1e92d3c2391adb5a5b08c0f6983feb8885434384e27856924a367c1b7544617a07a62b6d112036a54d7ba1515c7265b26163d715992c253fb926d4ec8724824b9bae5d0d5fb00ccc639dae3297eafcf485ad0a9384eebc5dd148c801f185c584236b6f3a06021664a270b76c2284b5adc7e50d2f32c2e4c5b11ad952b5ac227aa3a0bc7f5025d529451b69bc4554f511b20abeb8f7f18c0979a721bb8c0517a6d8146c37800296259ac3ae19b92a2ae75787972ae8cf5f6bf88a62242d0bfb5b343cd3772c457857a1495f78d43d599d067cb17f4d7d61f38512083333c5b14467563acc76e8b216be42258be733234db1c9ca5c5c6b5ac558d8ca0c4c62643cfe7625bc79c5ef8a83505dbc7a190dfe4a778d324d298a5b7eed373b615131620cc0d36d4e51692c5d866d602242cc01b0caa47913d9945d7dc0fc6109ccdfa17c3ac39c3b2038c9856298b9db85cc7d069ea1af769e49054d6e7e51888e7dc756895c9118a8d9edca3cb2b4a6dc56302ab2ca3accc295e03a3692db35692f15a28b2988ff21a0ee849475a507f11a39397ad9123c07180461e538ec11f99bc744a984573148b4b5fd5fc4526a601eb5fe5167c5ec8ac5c91d68446252083b4740b396e65e6378db008b83026a0ab81423788a49373b777f3189b5fc206234a9a4769f1d128e265e766b9e50a1e6e05a5caef846e5d8927698c27e91340d980da2a8f3260de5ea22701616a8e3d081b891efd1fd4aad69ac3e31e6bfee07901daf0292ab9fa7c635117adbf8841ca23df2519464239a29a0b8b1a66a69185453a1e4ddb9ef5246e6da343495189d972ddd71e7277eb854066331dee6c22946a6ec663cd03d778603631fa8067560befe870ade61f7409ccb8ef5c24d09e30252234bcb13366045147f3153b224bfa53d1b11f7880778ae89bfec3a2d96fa5606646de65291247e3afbba02aa419bbb7472d3af5bd0ede2741f653f7689bec18fa2fe161e10bdda275ad8cc01bc811b7ba326ee805b1614ad2d1e730fb568a8351f5308a62a56f901bcc13ce7497772e7e11292c50b578e97e013c744df60c4aff0062c2e89d663e50c0e6b58830db2f1f31072cf47e427ea25e8d3bca1e0367ba152998c647136510f3028e6cd5a1e1abf0d2deca7eed137d9897fec5f181dbe3a275bd3319341a7c639cc0758824382776131946adb0df8697dedcd851b79044ef34876f450973d4b61ef896a332d2c1fdc74bf0503b41ae899d548937d77523aa3f3378e89bc5aa3abeb34cf5cfbb4cb9233a337ba24b0cb181d84d443256ad30963d55a0f7c2f0c67e1a67d4547286359ff51866cc8199358fa203f747c04736abecb11157bd3d76ac62968ceb8695818d597afea50666c215064a29a2ae7a86d3085c73c938bf0dac21439a53c9b1ddb8c4c67d7bd86ca10603539a1d95ba8deb1519433b6420b972b31aec57c23cfb770838a633ee0728fa2e1b62ab0233168b4e3daa23ca363dd6d04f60ea8a0c8dc691b939da67619806d2e46af6c2f26182cbe7df33bd8c4c439579dec9dbdf031de7cbaa91f783e719dacac777aadf08594bb4de5eee23844bc3f7822e4bf5c6a2f74555caf844b9845304d615dc235a4f7c6b49ef8d693000982db90c03315f9300dc8c31a87f518d43fa8c1e4d695cf4d5d0134a41517ae64ed8f284bd06115dd189a639dd7a45df12e2c4710a93db0bcf7a29a815ca0a35b88d9079a26710684c5e4cdec317025f1271180a96020d514d7845e5afe983cc5be76ffd2fffc4002a10010001030205050101010101010000000111002131415110617191b13081a1c1f0d120e14050f1ffda0008010100013f21ff00da65812ae0a73e6cea9e5a8c2d66f50dce9b56ee357974abf3f0fe3b53809f2b2bd79a8056da367e9c1792f98dc2aff8b6560fb77ab37be4acd0b417ac3f51ebc91813ecd93580060a6a442c39e873f1510418b31a1fdd22de4f156fada2d0bfc54048dce9ebb2490b0d5a3426d7b28ee379d29b7925da343fb5112b0053b98b6628f53a6694104e31d924510382eeff00c047fca685807375a2e564fb810e5488882052dd1bc5693ba48a764b61b57fb7de82065f4ff88b53a0b2aa206080c989f4c94c3a0e60f6a1f7b861b4eba54f6970d42731a81c96121f91e2ad20f116cd57e53440100407104c04aba54489b462fe1e6b389995cadfd29a51d8601a512622763f1521b8672fc8d4e549d621bd34fe30b89ffa3af0384695694277c8989fcde28d500a267f711561fe7913f38d3d20cb9cb57b559101bad3a152b14dd5b5567da829481d0348e678a4764d36c0fc74a248415d0303e7a14d76883371b8dc8c56130a2566d4a8b92fa589244fcf6a2652440fe2a21fa6c7677a9b2ea821441276f46f7af6ba4d8ac2cbfa7cfcdcf8166b0e203b507c51a59b397df5144d30564e6b8f5de86f3441d1db042b3ca2a1e134a2671f977a13e08d9698e35b0fa04d4cf12231bebe8022a02eae94dbae93dab9f8a114939257d34a438654b07650a38b3a03772a16c8312d79d1c1d8190cd59fe586d0f74a5c904c29f8fed4052163b09eeab6c1ec9ba07499edc006e818400ede8c82c7b7c7c158c569eb70c6a348be47386fd76a5009b390f8022cc0d539d024f377c152b319949f28ae2d769ecdd825f077a0ae4d7677dccd8828b1639307e69204804d6ff458d60f903ef804b0e28d21198331ff005c5871020bbad73f0289167f6935b231136358f6bd4ce5eec291fdacf84dcc8f7bcfb8d02558bab18ea1f1521f12f7abf7e89be07bb77d5160f07bd5a8ba3c615093287c9f3c4364804df6e6e7a558553d18a41db83d482d63b551a35a293d93351774d83b19f7a200101e8b41e5be44874de1e956f9041db7f295b84906cc0f486b4a74cf2dc8a0a794930935839f3afc1cfc0de4969cc2b34ee8df149698709075a27697cef1ac90e6528ee51cc16491f4090b846570fbf6a4640489a942fab10faed4c947212fcb48d1dc58dbfddda5512009d5a523f77f0c59592064de94902e1f2ab40241693568a44dd483b5a8bc898fd828ad55898237faf464bca46d75b819260eb69e75f88a9624bcd8b7c537515d0ddca8d2f713f4ac3f12db589332d224587951105c135577085a67bd1830331abbfa0e685e6a73413e09384eab0860baad28a09a0d114e8405b69a25ac006d43e693f2be5470c00edd7846736db8449a0183a27d1b0005870376af4fcbff006372a66f4d804316cd298c2caccab75a436012d30df8e621d8faae49dddc2206de5e1bdef9c7c538a6767614056beec268ff005342eed8f7b57da1472bf06c7017793f2e0e22fc8d1c4201c7bcaec4f831f5c248c357bd1d894e6560625ad654868351b275a6e4b7dd6885b17caa2093519ff1b8552ff8479a60811109962341d335391e402c4263a5a8e0c9bb3e1fd5dab4ba79eb20d65f97810b944a810d6436a26c1969629068e0a25ed6ca0040f60a168d2c08d438a02b828898929f84127ad44902b42602212ce4b8bf0b770b7afe137688f9700632db61a25fa1ac65bf2fe289c05b22f7bd36baaf1a39becd36d2418f1911e38c446063ef6f1340c4932a9b8a98a4742083dc7c55e9f84361f27071488e4bb38648ecd24294e4b87e46964b3dce19a9bf8675a2b832ba50a098798cad6b0f99fe677cdbe8b1f7c4985dd35e1e5ac2264ba27ef255900b9b063df3de84ad176d0fc1c43e4d30f42b90ff005bd320536522dce8306de1a207c38ec502e8dd280ef6ab5b0c441977a4721c8b77ff0001067fdc6b18e070b292e1bf40adbc31724bdf817dea00051b9a7da6b03f5b80dbbbad5d93d572341241571352b1a4cc1af2a589d24fb6c82b30775faa92dcbdb2e486f53f9090220c3f6d507923e8a27628da8039c6f596a43b9707f335b2d41b6e7191a59975c1f7c516ccd997989780d6a22a94f41e493054045c06f74f659ef45c5e61bd90d0aebb602ecfff00474a0634e0f7bf850a0999249ddf215033d73f55623e051a63d67b1faa081c40c24cdbad0d8ef0a9222e6ee8768e55dfed12203a8637a4774ac8cc444457eefeebf77f7449af2955f778bf7eb8fef9a061d5b2f5b4b0810b023a8bd4b038598130c994e7482e0074c3b29281b668e49898f7a4e1164c88d6a4164c10f7ee7585639853cde833d1b9d285ad95309ec94b34b952b9517a6f89c85ea2a3ff00a1ffda000c030100020003000000100000006201000000000006a9a90000000000014df354010000000000322f670a0000033b4a0096700000012566d44ef000000037d51a481a80000037c52bd9f048c00001205703d8ec00002253ae07d885a0013b95be1795e65a0cbdf5f0ab9c2c43bfecedb64d0f9601b01074db0cc3000000000000000000000003ffc4002511010002020201030403000000000000000100112131204110306191405171b1c1d1f0ffda0008010301013f10e0ed095226ad5e86f10abee297da50a33e8d4a884e9e8d0cc45b605ea501c9fb23922d57708b1a6598638d3a67b03c10160b7a3f9626ad658ef8a8fc1773d1173140c3cb065d6219f808ee06e12a3a83671564ae8ccd6e3c92c157169c4ebaff007102cdcda6f9716171b6c238df9b833584da69b0c33193fd88b36fe18048a611d433984c840c13287d6772f4772896a3f9fea513220e2a0f510d97060118c160519eefe622aefc84afa4ffc4002411000300020103040301000000000000000001112131201041513061719140b1f0d1ffda0008010201013f10e0a2b117560aa9ecf41b834787e872489ff64535d89e8a72a46bd24bd12820ad0624edcbc83512aec30e46bd2f6f2c62471dbfb3fe71c951ee01218be015b430a1252f1c9b7466f0388434a0b18e2f0b73b0a9fec7404982341184d095b46a39c584fbba8c74fdbe0c78138515aa34e26de909c6cfafa348d7a38aca5aa4e13049d07ae9412254135318d912ae15ac743a0870c8ec26726c728df4d82923dd6358a3a550ec6c8bad0b6cc68cefcf063acc8bf0ff00ffc4002a100100020202020104020202030000000001112100314151617181103091a1b1c120f040f150d1e1ffda0008010100013f10fb2b1927fc376045e00dabd608194bfc3003fe8c7502283fb701ecd88d4615d084688491d222f97c60a1c7defe585989bd1ec9292c44d8fdf418f66b0508b9794a8d2f785b101d066c76119046cd2c6dd1e5c89d749df40bb2256f8d191e93c2693a4e30caf251c255f997df8929da373f412fb8c13a087ba31cc9702afd6dbc1edc1fd739561d830fc0c09e615030402e56d603ac2ba7031e35ed954fbc590e3e507d683c07df224f701643c883f180a6b671a471da53fb516fa2c049d8d94becf8c153d6379f2f2b9759160ca49b5490e862f2566aa98148e48007c669059e84ff007f7de3256414f0737014553ce40e08569ed9a245628cfa302ee7e898d4982920a07abe8c9f11a8961061825221ac1788669f5ff00ab94df4bc06d7418184499d2023070fdb3ccc96031b0854489b26b150c1d88aace5287cb92a85951a5701863f4f38d0ac926aa608df5865355e24166571d4718080e01001a3e8a18931cb400e5728b2c026efe122bb555c039191b6f6bfda20fb4c1301aa2c93e2670a14225b649c14a3712e27f22558b5e659790b558b49c0c19f5091fbcb62081a6a494a5a3a035792e9b2c03cb8c5d4d0c05928c79582430b9a8cb3009e09e32f0e13ef006b728256d271811f645dd5afd1dbe0b713405121dc2bf68f2f1832469490dd0b21b4a2691dd790b964e52ed63ca3b7365e03e50ebb36bc614582c771cea5b1fc98c04b2a098220e4212778cc493513aa7bdd23a7972310e6b0dde952f863f1c58212cde54800c4c9463c07c85719ddfa3b8c1163794e81dd9f2bf665b25427441cbfa39ca12d55a35175e0c84c11872e2813065a3ded323c401392b27aae83a75332aea0a1266cc415934a0c9db517d148d6420010d1101935696698a7788fe715ebd90cc15260281ed8ef094f1d53e8e0e3f2e193301228a852876e8378d7e57abc87ccfd82ba750801b5721fdcd2ad5515b6b683d29c1554fa677d827b31900423810383b387c26136911f29e075cfef3b40843e579597e7141449c8366cff004b918c9d9e53548b041273ce244830226c029384d042eec127801579fc4a5bd3c234b98028f1cbe87c0255af7546cc6d6723ec3768324c501f247e5c01500280200c9cff004d8b838058f308ce1c142ab281f3827b82c467e5098baf41c1c7d26b982003bb755f9e09423e13951f7430de468b71404aa20ca0ea06373f83c00b27a4a572db839576f8205340095bc43253a1fe2827e33489448368f3f6667a0b8f06fe4677384212987c980bab40a48bdb1f528c34d42b47bc21a429be56db82c77ef1feeaa78e65836c68f583d9a2ca66639da27c75930790024c68883a13bce1a26628e45fe058cf7370235b5e87d9d133409660c7e9f3867b2946813ffcf8c9dfdbabe44f9acab657e32fe930d61681b68c5e32020af5f359e05e75098804c89a9e7679f5590c6f1875b1544d6f13df098c0cec299f1d060e7c04e65116d282a6305b0200d075f665126284a84d16d2d4aa98d79c14c9c503044f3d77f3c08fd034270a66d016e938c3963773a1255af2298f13de88a252399672e7959e7233810aa7aa7e8e8709415852ba2b78d21fcf9f971aaa34070e2413ddfc62a092e1b2a6e2c7ce10afdb0008987ec2400787ec28d252ce98ed201e7cb0d391ea4d3837dae6ba2878093f873814360859c4dcb51c61089592c8db2795fd1a99bd976f6b41e724d093bf19a72c1001d4c60a025a65d65377e2aa776986ec1cd188b5f14751a74ae32ce4a44561097e08f8c2ac52975638b266bbc218432c6259ecbfd86249c7691db086fc35f4e7aa844503801a58d389f367a87f318124122aae1a6ceaf024c2e44196ecf31a35ac4547b4e3cd7f2603e83ea0b849b4224f5875e2123663b08ee2d7e725edfce24a6c91844437288f597f98421e65daf6fd854eb0e938112550a8601efb266f18728ea08114398dbc194fe05229b422a71c25a2dc29236b01e7a30387d2041e68f6c1ec89995fca72285882081d7d27b50203af7f453c06b60a4bcd1f8c0b7dff009ac193aa6bf2b7d7473ea5c44216c80e7401b14546b588022909623225eff5ce5dca12ec05afbc9b699ea2dc66f668e403e0018ffa3403fde0c3814f7767bc689c62130901e7a0dbdeab367ed20764cdde429eea3d83f59a7f8ac646f75e31ab82aa089f485c6df57945f1e91074fc113d6456359a207b6febe889a240e4aa7e130c0fd99a3dff0091f4277d9bb2751d64e2a148c48d989e92a2aeb5038cec9b2c8996df05020046f4feb91c29b125fd01fce14024860fc993f587698ac0b69fa1b54762a99126a45586c834b66b0223cd864d3a54d4c01ac013e71a1c262042ec13fdbf4a7fb17c28d425fa49fde47617f9b59fdbf4b96126737dce326e02052979c9266a5806f863082eea05b63643ce40d1505f503df9c6f007642706da1084577a22697793f46660155e0c0eb80a418bf85d113b728781fcdb5dd0ca3b45e71202a22a609e95579c39c75837f2df41897a7f262848d2fe98505dfe0be9805ad3037f87128d0c4b478a1320828a4d86b9064d158a19128209c43c6c0f562205c1a58ef4ff00eacde0052051325cb18f793e3e95800be5c9f893e30948f620695f8c67e29a391fca43cb06f931eca81fdf0e728a309123610001dc0bf9c9236318128854da81079bcddd481242174024cf78e43a007c63a482e4403cbc60a451d098c0ec630f4a43d94ff5f414d2e4bde04b19102c4ffd4b9fce564c61b89e76857f3f832470264e2ae1a0fcf857d1d54a0fbc4a156da69fc2d8f9c31d38577a1d087f1aa739427431fb587519dfd58a63e302262005cda261191d65113ec0fd63653e5e74c387b8c046b22a235309212ccbc5484373b015e7e3fc011921f6d07edc126fa790227dfd03cd30193d15afeb23921248369f20f29c920b35661e1b08716e3141c57051d203b1c59427c4a4491d0cf907bc068a2d2212261eab2db1681e560f9cd114e36a02480458ac79c91969b947f730ca16658acaf424238de5aab6425a13569382810edf7f1fd98ca3930ae6c2994c2eb8c8436ad611325b200635ab12f88eb0aeb7c4cc68f1a7e723de4381353faa7b7f2be3eae8fb978924ebab257630036708132256941ba25d562da50d8183e5cccb804e0b4044501205f141d89c341bc066661074c44a5226931dca5c1077a1eeab1a2e9304ca202004924f039d7382dc55910666350f518bc919d17f5892836e5cdecf5507acb047c63604320a899a8c005a5edd5f35911909c36ff8c7aa52f971834951990f6607bd64be543a24f23cb7d6035f4ab53b8188686a516baf2fd6490e1dc6a7d9c6c70e0f6a4b4e4856b6ab1f83829668804854af2f6e0096e5e6e30b21064c31787eccc85c032095054707461e600683870551c2b589b62a210907a4c4a16a115b2480ad26d881903f8ba187e1665007df95e14213b7791ef4c4a6659556d5595ef13b20b4234b25c647f3c62c3535719bc4464d3353571c604d7ac20cfdd83a320eb20e8ffc0fffd9, 0);

-- --------------------------------------------------------

--
-- Table structure for table `role`
--

CREATE TABLE `role` (
  `role_id` int(11) NOT NULL,
  `role_name` varchar(30) NOT NULL
) ENGINE=InnoDB DEFAULT CHARSET=latin1;

--
-- Dumping data for table `role`
--

INSERT INTO `role` (`role_id`, `role_name`) VALUES
(1, 'ADMINISTRATOR'),
(2, 'OWNER'),
(3, 'RESIDENT');

-- --------------------------------------------------------

--
-- Table structure for table `role_permission`
--

CREATE TABLE `role_permission` (
  `role_id` int(11) NOT NULL,
  `perm_id` int(11) NOT NULL
) ENGINE=InnoDB DEFAULT CHARSET=latin1;

--
-- Dumping data for table `role_permission`
--

INSERT INTO `role_permission` (`role_id`, `perm_id`) VALUES
(3, 1),
(1, 3),
(2, 3);

-- --------------------------------------------------------

--
-- Table structure for table `users`
--

CREATE TABLE `users` (
  `user_id` int(11) NOT NULL,
  `user_name` varchar(30) NOT NULL,
  `user_email` varchar(30) NOT NULL,
  `user_pwd` varchar(30) NOT NULL,
  `user_role` int(11) NOT NULL,
  `user_cc` int(11) NOT NULL
) ENGINE=InnoDB DEFAULT CHARSET=latin1;

--
-- Dumping data for table `users`
--

INSERT INTO `users` (`user_id`, `user_name`, `user_email`, `user_pwd`, `user_role`, `user_cc`) VALUES
(1, 'Luca Moretti', 'lucamoretti@gmail.com', 'lucamoretti', 1, 67890),
(2, 'Davide Leoni', 'davideleoni@gmail.com', 'davideleoni', 3, 67890),
(3, 'Diego Moretti', 'diegomoretti@gmail.com', 'diegomoretti', 3, 67890),
(4, 'Davide Falessi', 'davidefalessi@gmail.com', 'davidefalessi', 2, 67890),
(5, 'Guglielmo De Angelis', 'guglielmodeangelis@gmail.com', 'guglielmodeangelis', 3, 67890),
(6, 'Francesca Gallo', 'francescagallo@gmail.com', 'francescagallo', 3, 67890),
(7, 'Luca Di Lorenzo', 'lucadilorenzo@gmail.com', 'lucadilorenzo', 3, 67890),
(8, 'Matteo Lalli', 'matteolalli@gmail.com', 'matteolalli', 3, 67890),
(9, 'admin', 'admin', 'admin', 1, 67890);

--
-- Indexes for dumped tables
--

--
-- Indexes for table `condominiums`
--
ALTER TABLE `condominiums`
  ADD PRIMARY KEY (`condominium_id`);

--
-- Indexes for table `permission`
--
ALTER TABLE `permission`
  ADD PRIMARY KEY (`perm_id`);

--
-- Indexes for table `posts`
--
ALTER TABLE `posts`
  ADD PRIMARY KEY (`post_id`),
  ADD KEY `post_usr` (`post_usr`),
  ADD KEY `post_cc` (`post_cc`);

--
-- Indexes for table `role`
--
ALTER TABLE `role`
  ADD PRIMARY KEY (`role_id`);

--
-- Indexes for table `role_permission`
--
ALTER TABLE `role_permission`
  ADD KEY `role_id` (`role_id`),
  ADD KEY `perm_id` (`perm_id`);

--
-- Indexes for table `users`
--
ALTER TABLE `users`
  ADD PRIMARY KEY (`user_id`),
  ADD KEY `user_role` (`user_role`),
  ADD KEY `user_cc` (`user_cc`);

--
-- AUTO_INCREMENT for dumped tables
--

--
-- AUTO_INCREMENT for table `users`
--
ALTER TABLE `users`
  MODIFY `user_id` int(11) NOT NULL AUTO_INCREMENT, AUTO_INCREMENT=10;

--
-- Constraints for dumped tables
--

--
-- Constraints for table `posts`
--
ALTER TABLE `posts`
  ADD CONSTRAINT `post_cc` FOREIGN KEY (`post_cc`) REFERENCES `condominiums` (`condominium_id`),
  ADD CONSTRAINT `post_usr` FOREIGN KEY (`post_usr`) REFERENCES `users` (`user_id`);

--
-- Constraints for table `role_permission`
--
ALTER TABLE `role_permission`
  ADD CONSTRAINT `perm_id` FOREIGN KEY (`perm_id`) REFERENCES `permission` (`perm_id`),
  ADD CONSTRAINT `role_id` FOREIGN KEY (`role_id`) REFERENCES `role` (`role_id`);

--
-- Constraints for table `users`
--
ALTER TABLE `users`
  ADD CONSTRAINT `user_cc` FOREIGN KEY (`user_cc`) REFERENCES `condominiums` (`condominium_id`),
  ADD CONSTRAINT `user_role` FOREIGN KEY (`user_role`) REFERENCES `role` (`role_id`);
--
-- Database: `phpmyadmin`
--
CREATE DATABASE IF NOT EXISTS `phpmyadmin` DEFAULT CHARACTER SET utf8 COLLATE utf8_bin;
USE `phpmyadmin`;

-- --------------------------------------------------------

--
-- Table structure for table `pma__bookmark`
--

CREATE TABLE `pma__bookmark` (
  `id` int(10) UNSIGNED NOT NULL,
  `dbase` varchar(255) COLLATE utf8_bin NOT NULL DEFAULT '',
  `user` varchar(255) COLLATE utf8_bin NOT NULL DEFAULT '',
  `label` varchar(255) CHARACTER SET utf8 NOT NULL DEFAULT '',
  `query` text COLLATE utf8_bin NOT NULL
) ENGINE=InnoDB DEFAULT CHARSET=utf8 COLLATE=utf8_bin COMMENT='Bookmarks';

-- --------------------------------------------------------

--
-- Table structure for table `pma__central_columns`
--

CREATE TABLE `pma__central_columns` (
  `db_name` varchar(64) COLLATE utf8_bin NOT NULL,
  `col_name` varchar(64) COLLATE utf8_bin NOT NULL,
  `col_type` varchar(64) COLLATE utf8_bin NOT NULL,
  `col_length` text COLLATE utf8_bin DEFAULT NULL,
  `col_collation` varchar(64) COLLATE utf8_bin NOT NULL,
  `col_isNull` tinyint(1) NOT NULL,
  `col_extra` varchar(255) COLLATE utf8_bin DEFAULT '',
  `col_default` text COLLATE utf8_bin DEFAULT NULL
) ENGINE=InnoDB DEFAULT CHARSET=utf8 COLLATE=utf8_bin COMMENT='Central list of columns';

-- --------------------------------------------------------

--
-- Table structure for table `pma__column_info`
--

CREATE TABLE `pma__column_info` (
  `id` int(5) UNSIGNED NOT NULL,
  `db_name` varchar(64) COLLATE utf8_bin NOT NULL DEFAULT '',
  `table_name` varchar(64) COLLATE utf8_bin NOT NULL DEFAULT '',
  `column_name` varchar(64) COLLATE utf8_bin NOT NULL DEFAULT '',
  `comment` varchar(255) CHARACTER SET utf8 NOT NULL DEFAULT '',
  `mimetype` varchar(255) CHARACTER SET utf8 NOT NULL DEFAULT '',
  `transformation` varchar(255) COLLATE utf8_bin NOT NULL DEFAULT '',
  `transformation_options` varchar(255) COLLATE utf8_bin NOT NULL DEFAULT '',
  `input_transformation` varchar(255) COLLATE utf8_bin NOT NULL DEFAULT '',
  `input_transformation_options` varchar(255) COLLATE utf8_bin NOT NULL DEFAULT ''
) ENGINE=InnoDB DEFAULT CHARSET=utf8 COLLATE=utf8_bin COMMENT='Column information for phpMyAdmin';

-- --------------------------------------------------------

--
-- Table structure for table `pma__designer_settings`
--

CREATE TABLE `pma__designer_settings` (
  `username` varchar(64) COLLATE utf8_bin NOT NULL,
  `settings_data` text COLLATE utf8_bin NOT NULL
) ENGINE=InnoDB DEFAULT CHARSET=utf8 COLLATE=utf8_bin COMMENT='Settings related to Designer';

-- --------------------------------------------------------

--
-- Table structure for table `pma__export_templates`
--

CREATE TABLE `pma__export_templates` (
  `id` int(5) UNSIGNED NOT NULL,
  `username` varchar(64) COLLATE utf8_bin NOT NULL,
  `export_type` varchar(10) COLLATE utf8_bin NOT NULL,
  `template_name` varchar(64) COLLATE utf8_bin NOT NULL,
  `template_data` text COLLATE utf8_bin NOT NULL
) ENGINE=InnoDB DEFAULT CHARSET=utf8 COLLATE=utf8_bin COMMENT='Saved export templates';

-- --------------------------------------------------------

--
-- Table structure for table `pma__favorite`
--

CREATE TABLE `pma__favorite` (
  `username` varchar(64) COLLATE utf8_bin NOT NULL,
  `tables` text COLLATE utf8_bin NOT NULL
) ENGINE=InnoDB DEFAULT CHARSET=utf8 COLLATE=utf8_bin COMMENT='Favorite tables';

-- --------------------------------------------------------

--
-- Table structure for table `pma__history`
--

CREATE TABLE `pma__history` (
  `id` bigint(20) UNSIGNED NOT NULL,
  `username` varchar(64) COLLATE utf8_bin NOT NULL DEFAULT '',
  `db` varchar(64) COLLATE utf8_bin NOT NULL DEFAULT '',
  `table` varchar(64) COLLATE utf8_bin NOT NULL DEFAULT '',
  `timevalue` timestamp NOT NULL DEFAULT current_timestamp(),
  `sqlquery` text COLLATE utf8_bin NOT NULL
) ENGINE=InnoDB DEFAULT CHARSET=utf8 COLLATE=utf8_bin COMMENT='SQL history for phpMyAdmin';

-- --------------------------------------------------------

--
-- Table structure for table `pma__navigationhiding`
--

CREATE TABLE `pma__navigationhiding` (
  `username` varchar(64) COLLATE utf8_bin NOT NULL,
  `item_name` varchar(64) COLLATE utf8_bin NOT NULL,
  `item_type` varchar(64) COLLATE utf8_bin NOT NULL,
  `db_name` varchar(64) COLLATE utf8_bin NOT NULL,
  `table_name` varchar(64) COLLATE utf8_bin NOT NULL
) ENGINE=InnoDB DEFAULT CHARSET=utf8 COLLATE=utf8_bin COMMENT='Hidden items of navigation tree';

-- --------------------------------------------------------

--
-- Table structure for table `pma__pdf_pages`
--

CREATE TABLE `pma__pdf_pages` (
  `db_name` varchar(64) COLLATE utf8_bin NOT NULL DEFAULT '',
  `page_nr` int(10) UNSIGNED NOT NULL,
  `page_descr` varchar(50) CHARACTER SET utf8 NOT NULL DEFAULT ''
) ENGINE=InnoDB DEFAULT CHARSET=utf8 COLLATE=utf8_bin COMMENT='PDF relation pages for phpMyAdmin';

-- --------------------------------------------------------

--
-- Table structure for table `pma__recent`
--

CREATE TABLE `pma__recent` (
  `username` varchar(64) COLLATE utf8_bin NOT NULL,
  `tables` text COLLATE utf8_bin NOT NULL
) ENGINE=InnoDB DEFAULT CHARSET=utf8 COLLATE=utf8_bin COMMENT='Recently accessed tables';

--
-- Dumping data for table `pma__recent`
--

INSERT INTO `pma__recent` (`username`, `tables`) VALUES
('root', '[{\"db\":\"condominiumdb\",\"table\":\"condominiums\"},{\"db\":\"condominium_db\",\"table\":\"posts\"},{\"db\":\"condominium_db\",\"table\":\"users\"},{\"db\":\"condominium_db\",\"table\":\"role\"},{\"db\":\"condominium_db\",\"table\":\"label\"},{\"db\":\"condominium_db\",\"table\":\"role_permission\"},{\"db\":\"condominium_db\",\"table\":\"apartment\"},{\"db\":\"condominiumdb\",\"table\":\"apartments\"},{\"db\":\"condominiumdb\",\"table\":\"users\"},{\"db\":\"condominiumdb\",\"table\":\"role\"}]');

-- --------------------------------------------------------

--
-- Table structure for table `pma__relation`
--

CREATE TABLE `pma__relation` (
  `master_db` varchar(64) COLLATE utf8_bin NOT NULL DEFAULT '',
  `master_table` varchar(64) COLLATE utf8_bin NOT NULL DEFAULT '',
  `master_field` varchar(64) COLLATE utf8_bin NOT NULL DEFAULT '',
  `foreign_db` varchar(64) COLLATE utf8_bin NOT NULL DEFAULT '',
  `foreign_table` varchar(64) COLLATE utf8_bin NOT NULL DEFAULT '',
  `foreign_field` varchar(64) COLLATE utf8_bin NOT NULL DEFAULT ''
) ENGINE=InnoDB DEFAULT CHARSET=utf8 COLLATE=utf8_bin COMMENT='Relation table';

-- --------------------------------------------------------

--
-- Table structure for table `pma__savedsearches`
--

CREATE TABLE `pma__savedsearches` (
  `id` int(5) UNSIGNED NOT NULL,
  `username` varchar(64) COLLATE utf8_bin NOT NULL DEFAULT '',
  `db_name` varchar(64) COLLATE utf8_bin NOT NULL DEFAULT '',
  `search_name` varchar(64) COLLATE utf8_bin NOT NULL DEFAULT '',
  `search_data` text COLLATE utf8_bin NOT NULL
) ENGINE=InnoDB DEFAULT CHARSET=utf8 COLLATE=utf8_bin COMMENT='Saved searches';

-- --------------------------------------------------------

--
-- Table structure for table `pma__table_coords`
--

CREATE TABLE `pma__table_coords` (
  `db_name` varchar(64) COLLATE utf8_bin NOT NULL DEFAULT '',
  `table_name` varchar(64) COLLATE utf8_bin NOT NULL DEFAULT '',
  `pdf_page_number` int(11) NOT NULL DEFAULT 0,
  `x` float UNSIGNED NOT NULL DEFAULT 0,
  `y` float UNSIGNED NOT NULL DEFAULT 0
) ENGINE=InnoDB DEFAULT CHARSET=utf8 COLLATE=utf8_bin COMMENT='Table coordinates for phpMyAdmin PDF output';

-- --------------------------------------------------------

--
-- Table structure for table `pma__table_info`
--

CREATE TABLE `pma__table_info` (
  `db_name` varchar(64) COLLATE utf8_bin NOT NULL DEFAULT '',
  `table_name` varchar(64) COLLATE utf8_bin NOT NULL DEFAULT '',
  `display_field` varchar(64) COLLATE utf8_bin NOT NULL DEFAULT ''
) ENGINE=InnoDB DEFAULT CHARSET=utf8 COLLATE=utf8_bin COMMENT='Table information for phpMyAdmin';

--
-- Dumping data for table `pma__table_info`
--

INSERT INTO `pma__table_info` (`db_name`, `table_name`, `display_field`) VALUES
('condominium_db', 'permission', 'perm_desc'),
('condominium_db', 'posts', 'post_usr'),
('condominium_db', 'users', 'user_name');

-- --------------------------------------------------------

--
-- Table structure for table `pma__table_uiprefs`
--

CREATE TABLE `pma__table_uiprefs` (
  `username` varchar(64) COLLATE utf8_bin NOT NULL,
  `db_name` varchar(64) COLLATE utf8_bin NOT NULL,
  `table_name` varchar(64) COLLATE utf8_bin NOT NULL,
  `prefs` text COLLATE utf8_bin NOT NULL,
  `last_update` timestamp NOT NULL DEFAULT current_timestamp() ON UPDATE current_timestamp()
) ENGINE=InnoDB DEFAULT CHARSET=utf8 COLLATE=utf8_bin COMMENT='Tables'' UI preferences';

--
-- Dumping data for table `pma__table_uiprefs`
--

INSERT INTO `pma__table_uiprefs` (`username`, `db_name`, `table_name`, `prefs`, `last_update`) VALUES
('root', 'condominium_db', 'permission', '{\"CREATE_TIME\":\"2021-08-28 19:06:51\",\"col_order\":[0,1],\"col_visib\":[1,1]}', '2021-08-28 17:17:44');

-- --------------------------------------------------------

--
-- Table structure for table `pma__tracking`
--

CREATE TABLE `pma__tracking` (
  `db_name` varchar(64) COLLATE utf8_bin NOT NULL,
  `table_name` varchar(64) COLLATE utf8_bin NOT NULL,
  `version` int(10) UNSIGNED NOT NULL,
  `date_created` datetime NOT NULL,
  `date_updated` datetime NOT NULL,
  `schema_snapshot` text COLLATE utf8_bin NOT NULL,
  `schema_sql` text COLLATE utf8_bin DEFAULT NULL,
  `data_sql` longtext COLLATE utf8_bin DEFAULT NULL,
  `tracking` set('UPDATE','REPLACE','INSERT','DELETE','TRUNCATE','CREATE DATABASE','ALTER DATABASE','DROP DATABASE','CREATE TABLE','ALTER TABLE','RENAME TABLE','DROP TABLE','CREATE INDEX','DROP INDEX','CREATE VIEW','ALTER VIEW','DROP VIEW') COLLATE utf8_bin DEFAULT NULL,
  `tracking_active` int(1) UNSIGNED NOT NULL DEFAULT 1
) ENGINE=InnoDB DEFAULT CHARSET=utf8 COLLATE=utf8_bin COMMENT='Database changes tracking for phpMyAdmin';

-- --------------------------------------------------------

--
-- Table structure for table `pma__userconfig`
--

CREATE TABLE `pma__userconfig` (
  `username` varchar(64) COLLATE utf8_bin NOT NULL,
  `timevalue` timestamp NOT NULL DEFAULT current_timestamp() ON UPDATE current_timestamp(),
  `config_data` text COLLATE utf8_bin NOT NULL
) ENGINE=InnoDB DEFAULT CHARSET=utf8 COLLATE=utf8_bin COMMENT='User preferences storage for phpMyAdmin';

--
-- Dumping data for table `pma__userconfig`
--

INSERT INTO `pma__userconfig` (`username`, `timevalue`, `config_data`) VALUES
('root', '2021-09-04 18:25:28', '{\"Console\\/Mode\":\"collapse\"}');

-- --------------------------------------------------------

--
-- Table structure for table `pma__usergroups`
--

CREATE TABLE `pma__usergroups` (
  `usergroup` varchar(64) COLLATE utf8_bin NOT NULL,
  `tab` varchar(64) COLLATE utf8_bin NOT NULL,
  `allowed` enum('Y','N') COLLATE utf8_bin NOT NULL DEFAULT 'N'
) ENGINE=InnoDB DEFAULT CHARSET=utf8 COLLATE=utf8_bin COMMENT='User groups with configured menu items';

-- --------------------------------------------------------

--
-- Table structure for table `pma__users`
--

CREATE TABLE `pma__users` (
  `username` varchar(64) COLLATE utf8_bin NOT NULL,
  `usergroup` varchar(64) COLLATE utf8_bin NOT NULL
) ENGINE=InnoDB DEFAULT CHARSET=utf8 COLLATE=utf8_bin COMMENT='Users and their assignments to user groups';

--
-- Dumping data for table `pma__users`
--

INSERT INTO `pma__users` (`username`, `usergroup`) VALUES
('condominium', '');

--
-- Indexes for dumped tables
--

--
-- Indexes for table `pma__bookmark`
--
ALTER TABLE `pma__bookmark`
  ADD PRIMARY KEY (`id`);

--
-- Indexes for table `pma__central_columns`
--
ALTER TABLE `pma__central_columns`
  ADD PRIMARY KEY (`db_name`,`col_name`);

--
-- Indexes for table `pma__column_info`
--
ALTER TABLE `pma__column_info`
  ADD PRIMARY KEY (`id`),
  ADD UNIQUE KEY `db_name` (`db_name`,`table_name`,`column_name`);

--
-- Indexes for table `pma__designer_settings`
--
ALTER TABLE `pma__designer_settings`
  ADD PRIMARY KEY (`username`);

--
-- Indexes for table `pma__export_templates`
--
ALTER TABLE `pma__export_templates`
  ADD PRIMARY KEY (`id`),
  ADD UNIQUE KEY `u_user_type_template` (`username`,`export_type`,`template_name`);

--
-- Indexes for table `pma__favorite`
--
ALTER TABLE `pma__favorite`
  ADD PRIMARY KEY (`username`);

--
-- Indexes for table `pma__history`
--
ALTER TABLE `pma__history`
  ADD PRIMARY KEY (`id`),
  ADD KEY `username` (`username`,`db`,`table`,`timevalue`);

--
-- Indexes for table `pma__navigationhiding`
--
ALTER TABLE `pma__navigationhiding`
  ADD PRIMARY KEY (`username`,`item_name`,`item_type`,`db_name`,`table_name`);

--
-- Indexes for table `pma__pdf_pages`
--
ALTER TABLE `pma__pdf_pages`
  ADD PRIMARY KEY (`page_nr`),
  ADD KEY `db_name` (`db_name`);

--
-- Indexes for table `pma__recent`
--
ALTER TABLE `pma__recent`
  ADD PRIMARY KEY (`username`);

--
-- Indexes for table `pma__relation`
--
ALTER TABLE `pma__relation`
  ADD PRIMARY KEY (`master_db`,`master_table`,`master_field`),
  ADD KEY `foreign_field` (`foreign_db`,`foreign_table`);

--
-- Indexes for table `pma__savedsearches`
--
ALTER TABLE `pma__savedsearches`
  ADD PRIMARY KEY (`id`),
  ADD UNIQUE KEY `u_savedsearches_username_dbname` (`username`,`db_name`,`search_name`);

--
-- Indexes for table `pma__table_coords`
--
ALTER TABLE `pma__table_coords`
  ADD PRIMARY KEY (`db_name`,`table_name`,`pdf_page_number`);

--
-- Indexes for table `pma__table_info`
--
ALTER TABLE `pma__table_info`
  ADD PRIMARY KEY (`db_name`,`table_name`);

--
-- Indexes for table `pma__table_uiprefs`
--
ALTER TABLE `pma__table_uiprefs`
  ADD PRIMARY KEY (`username`,`db_name`,`table_name`);

--
-- Indexes for table `pma__tracking`
--
ALTER TABLE `pma__tracking`
  ADD PRIMARY KEY (`db_name`,`table_name`,`version`);

--
-- Indexes for table `pma__userconfig`
--
ALTER TABLE `pma__userconfig`
  ADD PRIMARY KEY (`username`);

--
-- Indexes for table `pma__usergroups`
--
ALTER TABLE `pma__usergroups`
  ADD PRIMARY KEY (`usergroup`,`tab`,`allowed`);

--
-- Indexes for table `pma__users`
--
ALTER TABLE `pma__users`
  ADD PRIMARY KEY (`username`,`usergroup`);

--
-- AUTO_INCREMENT for dumped tables
--

--
-- AUTO_INCREMENT for table `pma__bookmark`
--
ALTER TABLE `pma__bookmark`
  MODIFY `id` int(10) UNSIGNED NOT NULL AUTO_INCREMENT;

--
-- AUTO_INCREMENT for table `pma__column_info`
--
ALTER TABLE `pma__column_info`
  MODIFY `id` int(5) UNSIGNED NOT NULL AUTO_INCREMENT;

--
-- AUTO_INCREMENT for table `pma__export_templates`
--
ALTER TABLE `pma__export_templates`
  MODIFY `id` int(5) UNSIGNED NOT NULL AUTO_INCREMENT;

--
-- AUTO_INCREMENT for table `pma__history`
--
ALTER TABLE `pma__history`
  MODIFY `id` bigint(20) UNSIGNED NOT NULL AUTO_INCREMENT;

--
-- AUTO_INCREMENT for table `pma__pdf_pages`
--
ALTER TABLE `pma__pdf_pages`
  MODIFY `page_nr` int(10) UNSIGNED NOT NULL AUTO_INCREMENT;

--
-- AUTO_INCREMENT for table `pma__savedsearches`
--
ALTER TABLE `pma__savedsearches`
  MODIFY `id` int(5) UNSIGNED NOT NULL AUTO_INCREMENT;
--
-- Database: `test`
--
CREATE DATABASE IF NOT EXISTS `test` DEFAULT CHARACTER SET latin1 COLLATE latin1_swedish_ci;
USE `test`;
COMMIT;

/*!40101 SET CHARACTER_SET_CLIENT=@OLD_CHARACTER_SET_CLIENT */;
/*!40101 SET CHARACTER_SET_RESULTS=@OLD_CHARACTER_SET_RESULTS */;
/*!40101 SET COLLATION_CONNECTION=@OLD_COLLATION_CONNECTION */;
